{
  "Comment": "An example of the Amazon States Language using a choice state.",
  "StartAt": "SendReminder",
  "States": {
    "SendReminder": {
      "Type": "Wait",
      "SecondsPath": "$.waitSeconds",
      "Next": "ChoiceState"
    },
    "ChoiceState": {
      "Type" : "Choice",
      "Choices": [
        {
          "Variable": "$.preference",
          "StringEquals": "email",
          "Next": "EmailReminder"
        }
      ],
      "Default": "DefaultState"
    },

    "EmailReminder": {
      "Type" : "Task",
      "Resource": "arn:aws:lambda:us-east-1:823923959610:function:email",
      "Next": "NextState"
    },

    "DefaultState": {
      "Type": "Fail",
      "Error": "DefaultStateError",
      "Cause": "No Matches!"
    },

    "NextState": {
      "Type": "Pass",
      "End": true
    }
  }
}
